;DATE;POINT;MARKER;LONGITUDE;LATITUDE;NB_SATELLITE;HDOP;COUNT_CO2_100;CO2_100;COUNT_P_atm;P_atm;COUNT_CO2_10;CO2_10;COUNT_T_atm;T_atm ;COUNT_SP;SP ;COUNT_SO2;SO2;COUNT_H2S;H2S ;COUNT_PYR;PYR ;COUNT_V_FLUX;V_FLUX;COUNT_P_in;P_in;COUNT_Rh;Rh;COUNT_T_in;T_in;COUNT_V_BAT;V_BAT;PUMP_FLUX;Thermocouple;K_Coeff;Slope;R-squared;CO2_FLUX;Nb_POINT;Sl_POINT_min;Sl_POINT_MIN;Delta_CO2_FLUX;CO2_POINT_1;CO2_POINT_2;CO2_POINT_3;CO2_POINT_4;CO2_POINT_5;CO2_POINT_6;CO2_POINT_7;CO2_POINT_8;CO2_POINT_9;CO2_POINT_10;CO2_POINT_11;CO2_POINT_12;CO2_POINT_13;CO2_POINT_14;CO2_POINT_15;CO2_POINT_16;CO2_POINT_17;CO2_POINT_18;CO2_POINT_19;CO2_POINT_20;CO2_POINT_21;CO2_POINT_22;CO2_POINT_23;CO2_POINT_24;CO2_POINT_25;CO2_POINT_26;CO2_POINT_27;CO2_POINT_28;CO2_POINT_29;CO2_POINT_30;CO2_POINT_31;CO2_POINT_32;CO2_POINT_33;CO2_POINT_34;CO2_POINT_35;CO2_POINT_36;CO2_POINT_37;CO2_POINT_38;CO2_POINT_39;CO2_POINT_40;CO2_POINT_41;CO2_POINT_42;CO2_POINT_43;CO2_POINT_44;CO2_POINT_45;CO2_POINT_46;CO2_POINT_47;CO2_POINT_48;CO2_POINT_49;CO2_POINT_50;CO2_POINT_51;CO2_POINT_52;CO2_POINT_53;CO2_POINT_54;CO2_POINT_55;CO2_POINT_56;CO2_POINT_57;CO2_POINT_58;CO2_POINT_59;CO2_POINT_60;CO2_POINT_61;CO2_POINT_62;CO2_POINT_63;CO2_POINT_64;CO2_POINT_65;CO2_POINT_66;CO2_POINT_67;CO2_POINT_68;CO2_POINT_69;CO2_POINT_70;CO2_POINT_71;CO2_POINT_72;CO2_POINT_73;CO2_POINT_74;CO2_POINT_75;CO2_POINT_76;CO2_POINT_77;CO2_POINT_78;CO2_POINT_79;CO2_POINT_80;CO2_POINT_81;CO2_POINT_82;CO2_POINT_83;CO2_POINT_84;CO2_POINT_85;CO2_POINT_86;CO2_POINT_87;CO2_POINT_88;CO2_POINT_89;CO2_POINT_90;CO2_POINT_91;CO2_POINT_92;CO2_POINT_93;CO2_POINT_94;CO2_POINT_95;CO2_POINT_96;CO2_POINT_97;CO2_POINT_98;CO2_POINT_99;CO2_POINT_100;CO2_POINT_101;CO2_POINT_102;CO2_POINT_103;CO2_POINT_104;CO2_POINT_105;CO2_POINT_106;CO2_POINT_107;CO2_POINT_108;CO2_POINT_109;CO2_POINT_110;CO2_POINT_111;CO2_POINT_112;CO2_POINT_113;CO2_POINT_114;CO2_POINT_115;CO2_POINT_116;CO2_POINT_117;CO2_POINT_118;CO2_POINT_119;CO2_POINT_120;CO2_POINT_121;CO2_POINT_122;CO2_POINT_123;CO2_POINT_124;CO2_POINT_125;CO2_POINT_126;CO2_POINT_127;CO2_POINT_128;CO2_POINT_129;CO2_POINT_130;CO2_POINT_131;CO2_POINT_132;CO2_POINT_133;CO2_POINT_134;CO2_POINT_135;CO2_POINT_136;CO2_POINT_137;CO2_POINT_138;CO2_POINT_139;CO2_POINT_140;CO2_POINT_141;CO2_POINT_142;CO2_POINT_143;CO2_POINT_144;CO2_POINT_145;CO2_POINT_146;CO2_POINT_147;CO2_POINT_148;CO2_POINT_149;CO2_POINT_150;CO2_POINT_151;CO2_POINT_152;CO2_POINT_153;CO2_POINT_154;CO2_POINT_155;CO2_POINT_156;CO2_POINT_157;CO2_POINT_158;CO2_POINT_159;CO2_POINT_160;CO2_POINT_161;CO2_POINT_162;CO2_POINT_163;CO2_POINT_164;CO2_POINT_165;CO2_POINT_166;CO2_POINT_167;CO2_POINT_168;CO2_POINT_169;CO2_POINT_170;CO2_POINT_171;CO2_POINT_172;CO2_POINT_173;CO2_POINT_174;CO2_POINT_175;CO2_POINT_176;CO2_POINT_177;CO2_POINT_178;CO2_POINT_179;CO2_POINT_180;CO2_POINT_181;CO2_POINT_182;CO2_POINT_183;CO2_POINT_184;CO2_POINT_185;CO2_POINT_186;CO2_POINT_187;CO2_POINT_188;CO2_POINT_189;CO2_POINT_190;CO2_POINT_191;CO2_POINT_192;CO2_POINT_193;CO2_POINT_194;CO2_POINT_195;CO2_POINT_196;CO2_POINT_197;CO2_POINT_198;CO2_POINT_199;CO2_POINT_200;CO2_POINT_201;CO2_POINT_202;CO2_POINT_203;CO2_POINT_204;CO2_POINT_205;CO2_POINT_206;CO2_POINT_207;CO2_POINT_208;CO2_POINT_209;CO2_POINT_210;CO2_POINT_211;CO2_POINT_212;CO2_POINT_213;CO2_POINT_214;CO2_POINT_215;CO2_POINT_216;CO2_POINT_217;CO2_POINT_218;CO2_POINT_219;CO2_POINT_220;CO2_POINT_221;CO2_POINT_222;CO2_POINT_223;CO2_POINT_224;CO2_POINT_225;CO2_POINT_226;CO2_POINT_227;CO2_POINT_228;CO2_POINT_229;CO2_POINT_230;CO2_POINT_231;CO2_POINT_232;CO2_POINT_233;CO2_POINT_234;CO2_POINT_235;CO2_POINT_236;CO2_POINT_237;CO2_POINT_238;CO2_POINT_239;CO2_POINT_240;CO2_POINT_241;CO2_POINT_242;CO2_POINT_243;CO2_POINT_244;CO2_POINT_245;CO2_POINT_246;CO2_POINT_247;CO2_POINT_248;CO2_POINT_249;CO2_POINT_250;CO2_POINT_251;CO2_POINT_252;CO2_POINT_253;CO2_POINT_254;CO2_POINT_255;CO2_POINT_256;CO2_POINT_257;CO2_POINT_258;CO2_POINT_259;CO2_POINT_260;CO2_POINT_261;CO2_POINT_262;CO2_POINT_263;CO2_POINT_264;CO2_POINT_265;CO2_POINT_266;CO2_POINT_267;CO2_POINT_268;CO2_POINT_269;CO2_POINT_270;CO2_POINT_271;CO2_POINT_272;CO2_POINT_273;CO2_POINT_274;CO2_POINT_275;CO2_POINT_276;CO2_POINT_277;CO2_POINT_278;CO2_POINT_279;CO2_POINT_280;CO2_POINT_281;CO2_POINT_282;CO2_POINT_283;CO2_POINT_284;CO2_POINT_285;CO2_POINT_286;CO2_POINT_287;CO2_POINT_288;CO2_POINT_289;CO2_POINT_290;CO2_POINT_291;CO2_POINT_292;CO2_POINT_293;CO2_POINT_294;CO2_POINT_295;CO2_POINT_296;CO2_POINT_297;CO2_POINT_298;CO2_POINT_299;CO2_POINT_300;TIMELAG
0;08/09/2018 07:58:00;P1;0;38.796021;15.223494;7;151;5274;0.015;18935;9798432.159;5290;0.071;39207;16.675;30249;-120.2;424;-56.476;425;-18.476;425;1.43;3711;1935;2059;1603;3001;2.981;996.258;79.16;26.15;12.76;1.22;24.8;;;;;;;;;;;;;;;;;;;;;;;;;;;;;;;;;;;;;;;;;;;;;;;;;;;;;;;;;;;;;;;;;;;;;;;;;;;;;;;;;;;;;;;;;;;;;;;;;;;;;;;;;;;;;;;;;;;;;;;;;;;;;;;;;;;;;;;;;;;;;;;;;;;;;;;;;;;;;;;;;;;;;;;;;;;;;;;;;;;;;;;;;;;;;;;;;;;;;;;;;;;;;;;;;;;;;;;;;;;;;;;;;;;;;;;;;;;;;;;;;;;;;;;;;;;;;;;;;;;;;;;;;;;;;;;;;;;;;;;;;;;;;;;;;;;;;;;;;;;;;;;;;;;;;1
1;08/09/2018 08:09:00;P124;0;38.796093;15.223351;7;120;5275;0.019;18940;9801019.545;5279;0.065;39388;16.764;29650;-146.5;438;-56.31;439;-18.412;439;1.429;3726.5;1939.5;1867.5;1685;3007;2.9935;997.488;69.6815;30.25;12.785;1.2315;25;;;;;;;;;;;;;;;;;;;;;;;;;;;;;;;;;;;;;;;;;;;;;;;;;;;;;;;;;;;;;;;;;;;;;;;;;;;;;;;;;;;;;;;;;;;;;;;;;;;;;;;;;;;;;;;;;;;;;;;;;;;;;;;;;;;;;;;;;;;;;;;;;;;;;;;;;;;;;;;;;;;;;;;;;;;;;;;;;;;;;;;;;;;;;;;;;;;;;;;;;;;;;;;;;;;;;;;;;;;;;;;;;;;;;;;;;;;;;;;;;;;;;;;;;;;;;;;;;;;;;;;;;;;;;;;;;;;;;;;;;;;;;;;;;;;;;;;;;;;;;;;;;;;;;1
2;08/09/2018 08:17:00;P284;0;38.796215;15.223126;7;123;5278;0.034;18942;9802054.5;5293;0.072;39356;16.748;29562;-150.4;448;-56.19;449;-18.367;449;1.429;3751;1983;1599;1757;3010;3.013;1009.383;56.39;33.85;12.797;1.25;25.2;;;;;;;;;;;;;;;;;;;;;;;;;;;;;;;;;;;;;;;;;;;;;;;;;;;;;;;;;;;;;;;;;;;;;;;;;;;;;;;;;;;;;;;;;;;;;;;;;;;;;;;;;;;;;;;;;;;;;;;;;;;;;;;;;;;;;;;;;;;;;;;;;;;;;;;;;;;;;;;;;;;;;;;;;;;;;;;;;;;;;;;;;;;;;;;;;;;;;;;;;;;;;;;;;;;;;;;;;;;;;;;;;;;;;;;;;;;;;;;;;;;;;;;;;;;;;;;;;;;;;;;;;;;;;;;;;;;;;;;;;;;;;;;;;;;;;;;;;;;;;;;;;;;;;1
3;08/09/2018 08:25:00;P528;0;38.796329;15.222952;7;126;5276;0.024;18925;9793257.386;5291;0.071;39317;16.729;29454;-155.1;455;-56.107;456;-18.335;456;1.429;3742;1964;1543;1808;3012;3.006;1004.188;53.618;36.4;12.805;1.243;25.5;;;;;;;;;;;;;;;;;;;;;;;;;;;;;;;;;;;;;;;;;;;;;;;;;;;;;;;;;;;;;;;;;;;;;;;;;;;;;;;;;;;;;;;;;;;;;;;;;;;;;;;;;;;;;;;;;;;;;;;;;;;;;;;;;;;;;;;;;;;;;;;;;;;;;;;;;;;;;;;;;;;;;;;;;;;;;;;;;;;;;;;;;;;;;;;;;;;;;;;;;;;;;;;;;;;;;;;;;;;;;;;;;;;;;;;;;;;;;;;;;;;;;;;;;;;;;;;;;;;;;;;;;;;;;;;;;;;;;;;;;;;;;;;;;;;;;;;;;;;;;;;;;;;;;1
4;08/09/2018 08:31:00;P641;0;38.796474;15.222812;7;129;5279;0.039;18916;9788600.091;5291.5;0.0715;39277;16.709;29664.5;-145.9;459;-56.06;459;-18.322;460;1.429;3756.5;1992.5;1363;1846;3012.5;3.0175;1011.9805;44.708;38.3;12.807;1.2545;25;;;;;;;;;;;;;;;;;;;;;;;;;;;;;;;;;;;;;;;;;;;;;;;;;;;;;;;;;;;;;;;;;;;;;;;;;;;;;;;;;;;;;;;;;;;;;;;;;;;;;;;;;;;;;;;;;;;;;;;;;;;;;;;;;;;;;;;;;;;;;;;;;;;;;;;;;;;;;;;;;;;;;;;;;;;;;;;;;;;;;;;;;;;;;;;;;;;;;;;;;;;;;;;;;;;;;;;;;;;;;;;;;;;;;;;;;;;;;;;;;;;;;;;;;;;;;;;;;;;;;;;;;;;;;;;;;;;;;;;;;;;;;;;;;;;;;;;;;;;;;;;;;;;;;1
5;08/09/2018 08:38:00;P777;0;38.796597;15.222655;8;131;5284;0.063;18933;9797397.205;5297;0.074;39312;16.726;29701;-144.3;464;-56;464;-18.299;464;1.428;3755;2000;1362;1891;3004;3.016;1014.031;44.659;40.55;12.772;1.253;25.5;;;;;;;;;;;;;;;;;;;;;;;;;;;;;;;;;;;;;;;;;;;;;;;;;;;;;;;;;;;;;;;;;;;;;;;;;;;;;;;;;;;;;;;;;;;;;;;;;;;;;;;;;;;;;;;;;;;;;;;;;;;;;;;;;;;;;;;;;;;;;;;;;;;;;;;;;;;;;;;;;;;;;;;;;;;;;;;;;;;;;;;;;;;;;;;;;;;;;;;;;;;;;;;;;;;;;;;;;;;;;;;;;;;;;;;;;;;;;;;;;;;;;;;;;;;;;;;;;;;;;;;;;;;;;;;;;;;;;;;;;;;;;;;;;;;;;;;;;;;;;;;;;;;;;1
6;08/09/2018 08:51:00;P1048;0;38.796741;15.222522;8;137;5279;0.039;18936;9798949.636;5295;0.073;39338;16.739;30051;-128.9;472;-55.905;473;-18.258;473;1.428;3751;1993;1305;1934;3020;3.013;1012.117;41.838;42.7;12.837;1.25;26;;;;;;;;;;;;;;;;;;;;;;;;;;;;;;;;;;;;;;;;;;;;;;;;;;;;;;;;;;;;;;;;;;;;;;;;;;;;;;;;;;;;;;;;;;;;;;;;;;;;;;;;;;;;;;;;;;;;;;;;;;;;;;;;;;;;;;;;;;;;;;;;;;;;;;;;;;;;;;;;;;;;;;;;;;;;;;;;;;;;;;;;;;;;;;;;;;;;;;;;;;;;;;;;;;;;;;;;;;;;;;;;;;;;;;;;;;;;;;;;;;;;;;;;;;;;;;;;;;;;;;;;;;;;;;;;;;;;;;;;;;;;;;;;;;;;;;;;;;;;;;;;;;;;;1
7;08/09/2018 09:07:00;P1187;0;38.796898;15.222425;8;138;5333;0.299;18955;9808781.705;5540;0.195;39416;16.777;32771.5;-9.4;473;-55.893;474;-18.254;474;1.428;3754.5;2001;1219.5;1974;3021;3.0155;1014.305;37.6055;44.7;12.841;1.253;-99.9;;;;;;;;;;;;;;;;;;;;;;;;;;;;;;;;;;;;;;;;;;;;;;;;;;;;;;;;;;;;;;;;;;;;;;;;;;;;;;;;;;;;;;;;;;;;;;;;;;;;;;;;;;;;;;;;;;;;;;;;;;;;;;;;;;;;;;;;;;;;;;;;;;;;;;;;;;;;;;;;;;;;;;;;;;;;;;;;;;;;;;;;;;;;;;;;;;;;;;;;;;;;;;;;;;;;;;;;;;;;;;;;;;;;;;;;;;;;;;;;;;;;;;;;;;;;;;;;;;;;;;;;;;;;;;;;;;;;;;;;;;;;;;;;;;;;;;;;;;;;;;;;;;;;;1
8;08/09/2018 09:19:00;P1301;0;38.797039;15.2223;7;147;5286;0.072;18965;9813956.477;5322;0.087;39812;16.972;29748;-142.2;474;-55.881;474;-18.254;475;1.428;3748;1999;1090;1983;3020;3.01;1013.758;31.195;45.15;12.837;1.248;-99.9;;;;;;;;;;;;;;;;;;;;;;;;;;;;;;;;;;;;;;;;;;;;;;;;;;;;;;;;;;;;;;;;;;;;;;;;;;;;;;;;;;;;;;;;;;;;;;;;;;;;;;;;;;;;;;;;;;;;;;;;;;;;;;;;;;;;;;;;;;;;;;;;;;;;;;;;;;;;;;;;;;;;;;;;;;;;;;;;;;;;;;;;;;;;;;;;;;;;;;;;;;;;;;;;;;;;;;;;;;;;;;;;;;;;;;;;;;;;;;;;;;;;;;;;;;;;;;;;;;;;;;;;;;;;;;;;;;;;;;;;;;;;;;;;;;;;;;;;;;;;;;;;;;;;;1
9;08/09/2018 09:26:00;P1434;0;38.797184;15.222194;8;108;5502;1.113;18980;9821718.636;7034;0.94;39816;16.973;34749;77.4;471;-55.917;472;-18.263;472;1.428;3752;1993;1219;1976;3018;3.014;1012.117;37.581;44.8;12.829;1.251;-99.9;;;;;;;;;;;;;;;;;;;;;;;;;;;;;;;;;;;;;;;;;;;;;;;;;;;;;;;;;;;;;;;;;;;;;;;;;;;;;;;;;;;;;;;;;;;;;;;;;;;;;;;;;;;;;;;;;;;;;;;;;;;;;;;;;;;;;;;;;;;;;;;;;;;;;;;;;;;;;;;;;;;;;;;;;;;;;;;;;;;;;;;;;;;;;;;;;;;;;;;;;;;;;;;;;;;;;;;;;;;;;;;;;;;;;;;;;;;;;;;;;;;;;;;;;;;;;;;;;;;;;;;;;;;;;;;;;;;;;;;;;;;;;;;;;;;;;;;;;;;;;;;;;;;;;1
10;08/09/2018 09:35:00;P1657;0;38.797333;15.222052;8;114;5307;0.174;18971;9817061.341;5375;0.113;39554;16.845;30553;-106.9;471;-55.917;472;-18.263;473;1.428;3757;2021;1221;1977;3029;3.018;1019.773;37.68;44.85;12.874;1.255;-99.9;;;;;;;;;;;;;;;;;;;;;;;;;;;;;;;;;;;;;;;;;;;;;;;;;;;;;;;;;;;;;;;;;;;;;;;;;;;;;;;;;;;;;;;;;;;;;;;;;;;;;;;;;;;;;;;;;;;;;;;;;;;;;;;;;;;;;;;;;;;;;;;;;;;;;;;;;;;;;;;;;;;;;;;;;;;;;;;;;;;;;;;;;;;;;;;;;;;;;;;;;;;;;;;;;;;;;;;;;;;;;;;;;;;;;;;;;;;;;;;;;;;;;;;;;;;;;;;;;;;;;;;;;;;;;;;;;;;;;;;;;;;;;;;;;;;;;;;;;;;;;;;;;;;;;1
11;08/09/2018 09:39:00;P1734;0;38.79739;15.221842;8;113;5291.5;0.0985;18955.5;9809040.443;5342;0.097;39506;16.822;30707;-100.1;471;-55.917;471;-18.267;472;1.428;3746;1999;1185;1980;3012;3.009;1013.758;35.897;45;12.805;1.246;-99.9;;;;;;;;;;;;;;;;;;;;;;;;;;;;;;;;;;;;;;;;;;;;;;;;;;;;;;;;;;;;;;;;;;;;;;;;;;;;;;;;;;;;;;;;;;;;;;;;;;;;;;;;;;;;;;;;;;;;;;;;;;;;;;;;;;;;;;;;;;;;;;;;;;;;;;;;;;;;;;;;;;;;;;;;;;;;;;;;;;;;;;;;;;;;;;;;;;;;;;;;;;;;;;;;;;;;;;;;;;;;;;;;;;;;;;;;;;;;;;;;;;;;;;;;;;;;;;;;;;;;;;;;;;;;;;;;;;;;;;;;;;;;;;;;;;;;;;;;;;;;;;;;;;;;;1
12;08/09/2018 09:44:00;P1832;0;38.797459;15.221613;8;111;5298;0.13;18961;9811886.568;5324;0.088;39474;16.806;30507;-108.9;470;-55.929;471;-18.267;471;1.428;3617;1903.5;1137;1981;3014;2.906;987.6445;33.521;45.05;12.813;1.148;-99.9;;;;;;;;;;;;;;;;;;;;;;;;;;;;;;;;;;;;;;;;;;;;;;;;;;;;;;;;;;;;;;;;;;;;;;;;;;;;;;;;;;;;;;;;;;;;;;;;;;;;;;;;;;;;;;;;;;;;;;;;;;;;;;;;;;;;;;;;;;;;;;;;;;;;;;;;;;;;;;;;;;;;;;;;;;;;;;;;;;;;;;;;;;;;;;;;;;;;;;;;;;;;;;;;;;;;;;;;;;;;;;;;;;;;;;;;;;;;;;;;;;;;;;;;;;;;;;;;;;;;;;;;;;;;;;;;;;;;;;;;;;;;;;;;;;;;;;;;;;;;;;;;;;;;;1
13;08/09/2018 09:48:00;P1896;0;38.797531;15.221383;8;110;5285;0.068;18934;9797914.682;5304;0.078;39481;16.809;29655;-146.3;470;-55.929;471;-18.267;471;1.428;3630;1942;1180;1979;3012;2.916;998.172;35.65;44.95;12.805;1.158;-99.9;;;;;;;;;;;;;;;;;;;;;;;;;;;;;;;;;;;;;;;;;;;;;;;;;;;;;;;;;;;;;;;;;;;;;;;;;;;;;;;;;;;;;;;;;;;;;;;;;;;;;;;;;;;;;;;;;;;;;;;;;;;;;;;;;;;;;;;;;;;;;;;;;;;;;;;;;;;;;;;;;;;;;;;;;;;;;;;;;;;;;;;;;;;;;;;;;;;;;;;;;;;;;;;;;;;;;;;;;;;;;;;;;;;;;;;;;;;;;;;;;;;;;;;;;;;;;;;;;;;;;;;;;;;;;;;;;;;;;;;;;;;;;;;;;;;;;;;;;;;;;;;;;;;;;1
14;08/09/2018 09:53:00;P1993;0;38.797581;15.2212;8;110;5279.5;0.041;18939;9800502.068;5291.5;0.0715;39434;16.786;29144;-168.7;470;-55.929;471;-18.267;471;1.428;3643;1954;1126;1980;3028;2.927;1001.4535;32.977;45;12.87;1.168;-99.9;;;;;;;;;;;;;;;;;;;;;;;;;;;;;;;;;;;;;;;;;;;;;;;;;;;;;;;;;;;;;;;;;;;;;;;;;;;;;;;;;;;;;;;;;;;;;;;;;;;;;;;;;;;;;;;;;;;;;;;;;;;;;;;;;;;;;;;;;;;;;;;;;;;;;;;;;;;;;;;;;;;;;;;;;;;;;;;;;;;;;;;;;;;;;;;;;;;;;;;;;;;;;;;;;;;;;;;;;;;;;;;;;;;;;;;;;;;;;;;;;;;;;;;;;;;;;;;;;;;;;;;;;;;;;;;;;;;;;;;;;;;;;;;;;;;;;;;;;;;;;;;;;;;;;1
15;08/09/2018 11:39:00;P2077;0;38.793713;15.216503;9;104;5371;0.482;17483;9047055.159;5949;0.399;39424;16.781;32698;-12.6;447;-56.202;448;-18.371;448;1.429;3675;1820;1283;1803;2999;2.952;964.812;40.749;36.15;12.752;1.192;-99.9;;;;;;;;;;;;;;;;;;;;;;;;;;;;;;;;;;;;;;;;;;;;;;;;;;;;;;;;;;;;;;;;;;;;;;;;;;;;;;;;;;;;;;;;;;;;;;;;;;;;;;;;;;;;;;;;;;;;;;;;;;;;;;;;;;;;;;;;;;;;;;;;;;;;;;;;;;;;;;;;;;;;;;;;;;;;;;;;;;;;;;;;;;;;;;;;;;;;;;;;;;;;;;;;;;;;;;;;;;;;;;;;;;;;;;;;;;;;;;;;;;;;;;;;;;;;;;;;;;;;;;;;;;;;;;;;;;;;;;;;;;;;;;;;;;;;;;;;;;;;;;;;;;;;;1
16;08/09/2018 11:46:00;P2204;0;38.793633;15.216291;10;93;5865;2.861;17447;9028425.977;10624;2.731;39104;16.624;33293.5;13.5;446;-56.214;447;-18.376;447;1.429;3698.5;1830.5;1260;1815;2996;2.9705;967.6835;39.61;36.75;12.74;1.2105;-99.9;;;;;;;;;;;;;;;;;;;;;;;;;;;;;;;;;;;;;;;;;;;;;;;;;;;;;;;;;;;;;;;;;;;;;;;;;;;;;;;;;;;;;;;;;;;;;;;;;;;;;;;;;;;;;;;;;;;;;;;;;;;;;;;;;;;;;;;;;;;;;;;;;;;;;;;;;;;;;;;;;;;;;;;;;;;;;;;;;;;;;;;;;;;;;;;;;;;;;;;;;;;;;;;;;;;;;;;;;;;;;;;;;;;;;;;;;;;;;;;;;;;;;;;;;;;;;;;;;;;;;;;;;;;;;;;;;;;;;;;;;;;;;;;;;;;;;;;;;;;;;;;;;;;;;1
17;08/09/2018 11:53:00;P2343;0;38.793545;15.216084;11;95;6590;6.354;17406;9007209.409;17462;6.141;38961;16.554;33410;18.6;445;-56.226;445;-18.385;446;1.429;3719;1837;1273;1824;2992;2.987;969.461;40.254;37.2;12.724;1.226;-99.9;;;;;;;;;;;;;;;;;;;;;;;;;;;;;;;;;;;;;;;;;;;;;;;;;;;;;;;;;;;;;;;;;;;;;;;;;;;;;;;;;;;;;;;;;;;;;;;;;;;;;;;;;;;;;;;;;;;;;;;;;;;;;;;;;;;;;;;;;;;;;;;;;;;;;;;;;;;;;;;;;;;;;;;;;;;;;;;;;;;;;;;;;;;;;;;;;;;;;;;;;;;;;;;;;;;;;;;;;;;;;;;;;;;;;;;;;;;;;;;;;;;;;;;;;;;;;;;;;;;;;;;;;;;;;;;;;;;;;;;;;;;;;;;;;;;;;;;;;;;;;;;;;;;;;1
18;08/09/2018 12:06:00;P2461;0;38.793468;15.215872;10;103;7067;8.651;17404;9006174.455;21697;8.253;39356;16.748;33715;32;447;-56.202;448;-18.371;448;1.429;3722;1835;1315;1839;2965;2.99;968.914;42.333;37.95;12.614;1.228;-99.9;;;;;;;;;;;;;;;;;;;;;;;;;;;;;;;;;;;;;;;;;;;;;;;;;;;;;;;;;;;;;;;;;;;;;;;;;;;;;;;;;;;;;;;;;;;;;;;;;;;;;;;;;;;;;;;;;;;;;;;;;;;;;;;;;;;;;;;;;;;;;;;;;;;;;;;;;;;;;;;;;;;;;;;;;;;;;;;;;;;;;;;;;;;;;;;;;;;;;;;;;;;;;;;;;;;;;;;;;;;;;;;;;;;;;;;;;;;;;;;;;;;;;;;;;;;;;;;;;;;;;;;;;;;;;;;;;;;;;;;;;;;;;;;;;;;;;;;;;;;;;;;;;;;;;1
19;08/09/2018 12:16:00;P2550;0;38.793385;15.215692;10;105;6713;6.946;17397;9002552.114;17931;6.375;39220;16.681;32211;-34;449;-56.179;450;-18.362;450;1.429;3547;1786;1300;1851;2966;2.85;955.516;41.59;38.55;12.618;1.095;-99.9;;;;;;;;;;;;;;;;;;;;;;;;;;;;;;;;;;;;;;;;;;;;;;;;;;;;;;;;;;;;;;;;;;;;;;;;;;;;;;;;;;;;;;;;;;;;;;;;;;;;;;;;;;;;;;;;;;;;;;;;;;;;;;;;;;;;;;;;;;;;;;;;;;;;;;;;;;;;;;;;;;;;;;;;;;;;;;;;;;;;;;;;;;;;;;;;;;;;;;;;;;;;;;;;;;;;;;;;;;;;;;;;;;;;;;;;;;;;;;;;;;;;;;;;;;;;;;;;;;;;;;;;;;;;;;;;;;;;;;;;;;;;;;;;;;;;;;;;;;;;;;;;;;;;;1
20;08/09/2018 12:23:00;P2656;0;38.793331;15.215484;10;104;8108.5;13.668;17358;8982370.5;31551;13.167;39346;16.743;30256.5;-119.9;450;-56.167;451;-18.358;451;1.429;3190;1698.5;1331;1854;3002;2.565;931.59;43.125;38.7;12.764;0.824;-99.9;;;;;;;;;;;;;;;;;;;;;;;;;;;;;;;;;;;;;;;;;;;;;;;;;;;;;;;;;;;;;;;;;;;;;;;;;;;;;;;;;;;;;;;;;;;;;;;;;;;;;;;;;;;;;;;;;;;;;;;;;;;;;;;;;;;;;;;;;;;;;;;;;;;;;;;;;;;;;;;;;;;;;;;;;;;;;;;;;;;;;;;;;;;;;;;;;;;;;;;;;;;;;;;;;;;;;;;;;;;;;;;;;;;;;;;;;;;;;;;;;;;;;;;;;;;;;;;;;;;;;;;;;;;;;;;;;;;;;;;;;;;;;;;;;;;;;;;;;;;;;;;;;;;;;1
21;08/09/2018 12:30:00;P2723;0;38.793255;15.215259;11;88;10343;24.4315;17365;8985992.841;33483.5;14.131;39355.5;16.7475;32243;-32.6;453;-56.131;454;-18.344;454;1.429;3764;1828.5;1346;1860;2950;3.023;967.1365;43.867;39;12.553;1.26;-99.9;;;;;;;;;;;;;;;;;;;;;;;;;;;;;;;;;;;;;;;;;;;;;;;;;;;;;;;;;;;;;;;;;;;;;;;;;;;;;;;;;;;;;;;;;;;;;;;;;;;;;;;;;;;;;;;;;;;;;;;;;;;;;;;;;;;;;;;;;;;;;;;;;;;;;;;;;;;;;;;;;;;;;;;;;;;;;;;;;;;;;;;;;;;;;;;;;;;;;;;;;;;;;;;;;;;;;;;;;;;;;;;;;;;;;;;;;;;;;;;;;;;;;;;;;;;;;;;;;;;;;;;;;;;;;;;;;;;;;;;;;;;;;;;;;;;;;;;;;;;;;;;;;;;;;1
22;08/09/2018 12:40:00;P2779;0;38.793186;15.21506;11;88;8917;17.563;17375;8991167.614;33482;14.13;39593;16.864;30291;-118.4;456;-56.095;457;-18.331;457;1.429;3726;1827;1379;1878;2967;2.993;966.727;45.5;39.9;12.622;1.231;-99.9;;;;;;;;;;;;;;;;;;;;;;;;;;;;;;;;;;;;;;;;;;;;;;;;;;;;;;;;;;;;;;;;;;;;;;;;;;;;;;;;;;;;;;;;;;;;;;;;;;;;;;;;;;;;;;;;;;;;;;;;;;;;;;;;;;;;;;;;;;;;;;;;;;;;;;;;;;;;;;;;;;;;;;;;;;;;;;;;;;;;;;;;;;;;;;;;;;;;;;;;;;;;;;;;;;;;;;;;;;;;;;;;;;;;;;;;;;;;;;;;;;;;;;;;;;;;;;;;;;;;;;;;;;;;;;;;;;;;;;;;;;;;;;;;;;;;;;;;;;;;;;;;;;;;;1
23;08/09/2018 12:49:00;P2868;0;38.793049;15.214923;11;88;8116;13.704;17351;8978748.159;32125;13.454;39956;17.042;30345;-116;460;-56.048;460;-18.317;461;1.428;3566;1750;1486;1891;2960;2.865;945.672;50.797;40.55;12.593;1.11;-99.9;;;;;;;;;;;;;;;;;;;;;;;;;;;;;;;;;;;;;;;;;;;;;;;;;;;;;;;;;;;;;;;;;;;;;;;;;;;;;;;;;;;;;;;;;;;;;;;;;;;;;;;;;;;;;;;;;;;;;;;;;;;;;;;;;;;;;;;;;;;;;;;;;;;;;;;;;;;;;;;;;;;;;;;;;;;;;;;;;;;;;;;;;;;;;;;;;;;;;;;;;;;;;;;;;;;;;;;;;;;;;;;;;;;;;;;;;;;;;;;;;;;;;;;;;;;;;;;;;;;;;;;;;;;;;;;;;;;;;;;;;;;;;;;;;;;;;;;;;;;;;;;;;;;;;1
24;08/09/2018 12:59:00;P3037;0;38.792957;15.214788;11;88;13609;40.163;17377;8992202.568;33484;14.131;40414;17.267;34854;82;466;-55.976;467;-18.285;467;1.428;3543;1789;1357;1903;2956;2.847;956.336;44.411;41.15;12.577;1.092;-99.9;;;;;;;;;;;;;;;;;;;;;;;;;;;;;;;;;;;;;;;;;;;;;;;;;;;;;;;;;;;;;;;;;;;;;;;;;;;;;;;;;;;;;;;;;;;;;;;;;;;;;;;;;;;;;;;;;;;;;;;;;;;;;;;;;;;;;;;;;;;;;;;;;;;;;;;;;;;;;;;;;;;;;;;;;;;;;;;;;;;;;;;;;;;;;;;;;;;;;;;;;;;;;;;;;;;;;;;;;;;;;;;;;;;;;;;;;;;;;;;;;;;;;;;;;;;;;;;;;;;;;;;;;;;;;;;;;;;;;;;;;;;;;;;;;;;;;;;;;;;;;;;;;;;;;1
25;08/09/2018 13:07:00;P3208;0;38.792797;15.214666;11;99;11157;28.352;17390;8998929.773;33480;14.129;40253;17.188;32985;0;464;-56;465;-18.294;465;1.428;3516.5;1743;1523;1918;2954;2.8255;943.7575;52.6285;41.9;12.569;1.072;-99.9;;;;;;;;;;;;;;;;;;;;;;;;;;;;;;;;;;;;;;;;;;;;;;;;;;;;;;;;;;;;;;;;;;;;;;;;;;;;;;;;;;;;;;;;;;;;;;;;;;;;;;;;;;;;;;;;;;;;;;;;;;;;;;;;;;;;;;;;;;;;;;;;;;;;;;;;;;;;;;;;;;;;;;;;;;;;;;;;;;;;;;;;;;;;;;;;;;;;;;;;;;;;;;;;;;;;;;;;;;;;;;;;;;;;;;;;;;;;;;;;;;;;;;;;;;;;;;;;;;;;;;;;;;;;;;;;;;;;;;;;;;;;;;;;;;;;;;;;;;;;;;;;;;;;;1
26;08/09/2018 13:15:00;P3415;0;38.792652;15.214519;11;106;8696;16.498;17391;8999447.25;33475;14.127;40282;17.202;36206;141.4;467;-55.964;468;-18.281;468;1.428;3569;1756;1629;1934;2953;2.867;947.312;57.875;42.7;12.565;1.112;-99.9;;;;;;;;;;;;;;;;;;;;;;;;;;;;;;;;;;;;;;;;;;;;;;;;;;;;;;;;;;;;;;;;;;;;;;;;;;;;;;;;;;;;;;;;;;;;;;;;;;;;;;;;;;;;;;;;;;;;;;;;;;;;;;;;;;;;;;;;;;;;;;;;;;;;;;;;;;;;;;;;;;;;;;;;;;;;;;;;;;;;;;;;;;;;;;;;;;;;;;;;;;;;;;;;;;;;;;;;;;;;;;;;;;;;;;;;;;;;;;;;;;;;;;;;;;;;;;;;;;;;;;;;;;;;;;;;;;;;;;;;;;;;;;;;;;;;;;;;;;;;;;;;;;;;;1
27;08/09/2018 14:51:00;P3478;0;38.791813;15.218487;9;124;5539.5;1.2935;18243.5;9440596.625;7776.5;1.3105;39223;16.683;31344.5;-72.1;436;-56.333;437;-18.421;437;1.43;3701.5;1935.5;1561;1757;2974;2.9735;996.395;54.509;33.85;12.65;1.2125;-99.9;;;;;;;;;;;;;;;;;;;;;;;;;;;;;;;;;;;;;;;;;;;;;;;;;;;;;;;;;;;;;;;;;;;;;;;;;;;;;;;;;;;;;;;;;;;;;;;;;;;;;;;;;;;;;;;;;;;;;;;;;;;;;;;;;;;;;;;;;;;;;;;;;;;;;;;;;;;;;;;;;;;;;;;;;;;;;;;;;;;;;;;;;;;;;;;;;;;;;;;;;;;;;;;;;;;;;;;;;;;;;;;;;;;;;;;;;;;;;;;;;;;;;;;;;;;;;;;;;;;;;;;;;;;;;;;;;;;;;;;;;;;;;;;;;;;;;;;;;;;;;;;;;;;;;1
28;08/09/2018 14:58:00;P3570;0;38.791641;15.21845;9;124;7220;9.388;18232;9434645.636;24045.5;9.424;39234;16.688;27821;-226.8;442;-56.262;443;-18.394;443;1.429;3698.5;1902.5;1500;1787;2965;2.9705;987.371;51.49;35.35;12.614;1.2105;-99.9;;;;;;;;;;;;;;;;;;;;;;;;;;;;;;;;;;;;;;;;;;;;;;;;;;;;;;;;;;;;;;;;;;;;;;;;;;;;;;;;;;;;;;;;;;;;;;;;;;;;;;;;;;;;;;;;;;;;;;;;;;;;;;;;;;;;;;;;;;;;;;;;;;;;;;;;;;;;;;;;;;;;;;;;;;;;;;;;;;;;;;;;;;;;;;;;;;;;;;;;;;;;;;;;;;;;;;;;;;;;;;;;;;;;;;;;;;;;;;;;;;;;;;;;;;;;;;;;;;;;;;;;;;;;;;;;;;;;;;;;;;;;;;;;;;;;;;;;;;;;;;;;;;;;;1
29;08/09/2018 15:04:00;P3618;0;38.791473;15.218293;9;124;8838;17.182;18226;9431540.773;33491;14.135;39226;16.684;29783;-140.7;445;-56.226;446;-18.38;446;1.429;3458;1844;1479;1804;2962;2.779;971.375;50.451;36.2;12.602;1.027;-99.9;;;;;;;;;;;;;;;;;;;;;;;;;;;;;;;;;;;;;;;;;;;;;;;;;;;;;;;;;;;;;;;;;;;;;;;;;;;;;;;;;;;;;;;;;;;;;;;;;;;;;;;;;;;;;;;;;;;;;;;;;;;;;;;;;;;;;;;;;;;;;;;;;;;;;;;;;;;;;;;;;;;;;;;;;;;;;;;;;;;;;;;;;;;;;;;;;;;;;;;;;;;;;;;;;;;;;;;;;;;;;;;;;;;;;;;;;;;;;;;;;;;;;;;;;;;;;;;;;;;;;;;;;;;;;;;;;;;;;;;;;;;;;;;;;;;;;;;;;;;;;;;;;;;;;1
30;08/09/2018 15:08:00;P3667;0;38.791328;15.218188;9;124;5367;0.463;18246.5;9442149.057;5940.5;0.395;39202;16.672;28944.5;-177.5;448;-56.19;449;-18.367;449;1.429;3377.5;1822;1494;1812;2962.5;2.7145;965.3595;51.193;36.6;12.604;0.966;-99.9;;;;;;;;;;;;;;;;;;;;;;;;;;;;;;;;;;;;;;;;;;;;;;;;;;;;;;;;;;;;;;;;;;;;;;;;;;;;;;;;;;;;;;;;;;;;;;;;;;;;;;;;;;;;;;;;;;;;;;;;;;;;;;;;;;;;;;;;;;;;;;;;;;;;;;;;;;;;;;;;;;;;;;;;;;;;;;;;;;;;;;;;;;;;;;;;;;;;;;;;;;;;;;;;;;;;;;;;;;;;;;;;;;;;;;;;;;;;;;;;;;;;;;;;;;;;;;;;;;;;;;;;;;;;;;;;;;;;;;;;;;;;;;;;;;;;;;;;;;;;;;;;;;;;;1
31;08/09/2018 15:13:00;P3758;0;38.791168;15.218065;9;124;5284.5;0.0655;18229;9433093.205;5335;0.093;39233;16.688;28177;-211.2;449;-56.179;450;-18.362;450;1.429;3613;1863;1403.5;1822;2962;2.903;976.57;46.713;37.1;12.602;1.145;-99.9;;;;;;;;;;;;;;;;;;;;;;;;;;;;;;;;;;;;;;;;;;;;;;;;;;;;;;;;;;;;;;;;;;;;;;;;;;;;;;;;;;;;;;;;;;;;;;;;;;;;;;;;;;;;;;;;;;;;;;;;;;;;;;;;;;;;;;;;;;;;;;;;;;;;;;;;;;;;;;;;;;;;;;;;;;;;;;;;;;;;;;;;;;;;;;;;;;;;;;;;;;;;;;;;;;;;;;;;;;;;;;;;;;;;;;;;;;;;;;;;;;;;;;;;;;;;;;;;;;;;;;;;;;;;;;;;;;;;;;;;;;;;;;;;;;;;;;;;;;;;;;;;;;;;;1
32;08/09/2018 15:18:00;P3826;0;38.791031;15.217941;10;95;5288;0.082;18230;9433610.682;5329;0.09;39202;16.672;27751;-229.9;447;-56.202;448;-18.371;449;1.429;3626.5;1889.5;1384;1833;2979;2.9135;983.8165;45.748;37.65;12.671;1.1555;-99.9;;;;;;;;;;;;;;;;;;;;;;;;;;;;;;;;;;;;;;;;;;;;;;;;;;;;;;;;;;;;;;;;;;;;;;;;;;;;;;;;;;;;;;;;;;;;;;;;;;;;;;;;;;;;;;;;;;;;;;;;;;;;;;;;;;;;;;;;;;;;;;;;;;;;;;;;;;;;;;;;;;;;;;;;;;;;;;;;;;;;;;;;;;;;;;;;;;;;;;;;;;;;;;;;;;;;;;;;;;;;;;;;;;;;;;;;;;;;;;;;;;;;;;;;;;;;;;;;;;;;;;;;;;;;;;;;;;;;;;;;;;;;;;;;;;;;;;;;;;;;;;;;;;;;;1
33;08/09/2018 15:23:00;P3898;0;38.790821;15.217798;10;95;5288;0.082;18228;9432575.727;5346;0.099;39142;16.643;27607;-236.2;447;-56.202;448;-18.371;448;1.429;3436;1811;1377;1842;2947;2.761;962.352;45.402;38.1;12.541;1.011;-99.9;;;;;;;;;;;;;;;;;;;;;;;;;;;;;;;;;;;;;;;;;;;;;;;;;;;;;;;;;;;;;;;;;;;;;;;;;;;;;;;;;;;;;;;;;;;;;;;;;;;;;;;;;;;;;;;;;;;;;;;;;;;;;;;;;;;;;;;;;;;;;;;;;;;;;;;;;;;;;;;;;;;;;;;;;;;;;;;;;;;;;;;;;;;;;;;;;;;;;;;;;;;;;;;;;;;;;;;;;;;;;;;;;;;;;;;;;;;;;;;;;;;;;;;;;;;;;;;;;;;;;;;;;;;;;;;;;;;;;;;;;;;;;;;;;;;;;;;;;;;;;;;;;;;;;1
34;08/09/2018 15:29:00;P3966;0;38.790604;15.217684;10;95;5357.5;0.4165;18218.5;9427659.693;6100.5;0.475;39092;16.619;27340.5;-247.95;446;-56.214;447;-18.376;447;1.429;3265;1807;1419;1848;2948;2.6245;961.258;47.48;38.4;12.545;0.8805;-99.9;;;;;;;;;;;;;;;;;;;;;;;;;;;;;;;;;;;;;;;;;;;;;;;;;;;;;;;;;;;;;;;;;;;;;;;;;;;;;;;;;;;;;;;;;;;;;;;;;;;;;;;;;;;;;;;;;;;;;;;;;;;;;;;;;;;;;;;;;;;;;;;;;;;;;;;;;;;;;;;;;;;;;;;;;;;;;;;;;;;;;;;;;;;;;;;;;;;;;;;;;;;;;;;;;;;;;;;;;;;;;;;;;;;;;;;;;;;;;;;;;;;;;;;;;;;;;;;;;;;;;;;;;;;;;;;;;;;;;;;;;;;;;;;;;;;;;;;;;;;;;;;;;;;;;1
35;08/09/2018 15:34:00;P4042;0;38.790398;15.21757;10;94;5285;0.068;18191;9413429.068;5321;0.086;39104;16.624;27699;-232.2;447;-56.202;448;-18.371;448;1.429;3131;1791;1406;1849;2959;2.518;956.883;46.837;38.45;12.589;0.779;-99.9;;;;;;;;;;;;;;;;;;;;;;;;;;;;;;;;;;;;;;;;;;;;;;;;;;;;;;;;;;;;;;;;;;;;;;;;;;;;;;;;;;;;;;;;;;;;;;;;;;;;;;;;;;;;;;;;;;;;;;;;;;;;;;;;;;;;;;;;;;;;;;;;;;;;;;;;;;;;;;;;;;;;;;;;;;;;;;;;;;;;;;;;;;;;;;;;;;;;;;;;;;;;;;;;;;;;;;;;;;;;;;;;;;;;;;;;;;;;;;;;;;;;;;;;;;;;;;;;;;;;;;;;;;;;;;;;;;;;;;;;;;;;;;;;;;;;;;;;;;;;;;;;;;;;;1
36;08/09/2018 15:39:00;P4179;0;38.790192;15.217473;9;99;5295.5;0.1185;18201;9418603.841;5360;0.1055;39102.5;16.6235;28187;-210.8;447;-56.202;448;-18.371;448;1.429;3593;1856;1313;1849;2960;2.8865;974.656;42.234;38.45;12.593;1.13;-99.9;;;;;;;;;;;;;;;;;;;;;;;;;;;;;;;;;;;;;;;;;;;;;;;;;;;;;;;;;;;;;;;;;;;;;;;;;;;;;;;;;;;;;;;;;;;;;;;;;;;;;;;;;;;;;;;;;;;;;;;;;;;;;;;;;;;;;;;;;;;;;;;;;;;;;;;;;;;;;;;;;;;;;;;;;;;;;;;;;;;;;;;;;;;;;;;;;;;;;;;;;;;;;;;;;;;;;;;;;;;;;;;;;;;;;;;;;;;;;;;;;;;;;;;;;;;;;;;;;;;;;;;;;;;;;;;;;;;;;;;;;;;;;;;;;;;;;;;;;;;;;;;;;;;;;1
37;08/09/2018 15:46:00;P4258;0;38.789993;15.21737;9;99;5322;0.246;18169;9402044.568;5549;0.2;39087;16.616;29784.5;-140.6;448;-56.19;448.5;-18.369;449;1.429;3702;1899.5;1276;1855;2971.5;2.9735;986.5505;40.402;38.75;12.64;1.213;-99.9;;;;;;;;;;;;;;;;;;;;;;;;;;;;;;;;;;;;;;;;;;;;;;;;;;;;;;;;;;;;;;;;;;;;;;;;;;;;;;;;;;;;;;;;;;;;;;;;;;;;;;;;;;;;;;;;;;;;;;;;;;;;;;;;;;;;;;;;;;;;;;;;;;;;;;;;;;;;;;;;;;;;;;;;;;;;;;;;;;;;;;;;;;;;;;;;;;;;;;;;;;;;;;;;;;;;;;;;;;;;;;;;;;;;;;;;;;;;;;;;;;;;;;;;;;;;;;;;;;;;;;;;;;;;;;;;;;;;;;;;;;;;;;;;;;;;;;;;;;;;;;;;;;;;;1
38;08/09/2018 15:52:00;P4326;0;38.789772;15.217308;9;98;10304;24.244;18170;9402562.045;33494;14.136;39074;16.61;30062;-128.4;448;-56.19;448;-18.371;449;1.429;3791;1932;1240;1858;2949;3.045;995.438;38.62;38.9;12.549;1.281;-99.9;;;;;;;;;;;;;;;;;;;;;;;;;;;;;;;;;;;;;;;;;;;;;;;;;;;;;;;;;;;;;;;;;;;;;;;;;;;;;;;;;;;;;;;;;;;;;;;;;;;;;;;;;;;;;;;;;;;;;;;;;;;;;;;;;;;;;;;;;;;;;;;;;;;;;;;;;;;;;;;;;;;;;;;;;;;;;;;;;;;;;;;;;;;;;;;;;;;;;;;;;;;;;;;;;;;;;;;;;;;;;;;;;;;;;;;;;;;;;;;;;;;;;;;;;;;;;;;;;;;;;;;;;;;;;;;;;;;;;;;;;;;;;;;;;;;;;;;;;;;;;;;;;;;;;1
39;08/09/2018 16:00:00;P4518;0;38.789547;15.217235;8;136;5542;1.305;18178;9406701.864;7463;1.154;39034;16.59;31835;-50.6;447;-56.202;448;-18.371;448;1.429;3711;1922;1267;1859;2953;2.981;992.703;39.957;38.95;12.565;1.22;-99.9;;;;;;;;;;;;;;;;;;;;;;;;;;;;;;;;;;;;;;;;;;;;;;;;;;;;;;;;;;;;;;;;;;;;;;;;;;;;;;;;;;;;;;;;;;;;;;;;;;;;;;;;;;;;;;;;;;;;;;;;;;;;;;;;;;;;;;;;;;;;;;;;;;;;;;;;;;;;;;;;;;;;;;;;;;;;;;;;;;;;;;;;;;;;;;;;;;;;;;;;;;;;;;;;;;;;;;;;;;;;;;;;;;;;;;;;;;;;;;;;;;;;;;;;;;;;;;;;;;;;;;;;;;;;;;;;;;;;;;;;;;;;;;;;;;;;;;;;;;;;;;;;;;;;;1
40;08/09/2018 16:05:00;P4597;0;38.789337;15.217155;8;135;5346;0.361;18170;9402562.045;5726;0.2885;38998;16.572;30703;-100.3;445;-56.226;446;-18.38;446;1.429;3708;1921.5;1282;1857;2952.5;2.9785;992.5665;40.699;38.85;12.563;1.2175;-99.9;;;;;;;;;;;;;;;;;;;;;;;;;;;;;;;;;;;;;;;;;;;;;;;;;;;;;;;;;;;;;;;;;;;;;;;;;;;;;;;;;;;;;;;;;;;;;;;;;;;;;;;;;;;;;;;;;;;;;;;;;;;;;;;;;;;;;;;;;;;;;;;;;;;;;;;;;;;;;;;;;;;;;;;;;;;;;;;;;;;;;;;;;;;;;;;;;;;;;;;;;;;;;;;;;;;;;;;;;;;;;;;;;;;;;;;;;;;;;;;;;;;;;;;;;;;;;;;;;;;;;;;;;;;;;;;;;;;;;;;;;;;;;;;;;;;;;;;;;;;;;;;;;;;;;1
41;08/09/2018 16:11:00;P4681;0;38.789104;15.217083;8;134;5507;1.137;18163;9398939.705;7200;1.023;38979;16.563;30700;-100.4;446;-56.214;447;-18.376;447;1.429;3652;1882;1287;1851;2952;2.934;981.766;40.946;38.55;12.561;1.175;-99.9;;;;;;;;;;;;;;;;;;;;;;;;;;;;;;;;;;;;;;;;;;;;;;;;;;;;;;;;;;;;;;;;;;;;;;;;;;;;;;;;;;;;;;;;;;;;;;;;;;;;;;;;;;;;;;;;;;;;;;;;;;;;;;;;;;;;;;;;;;;;;;;;;;;;;;;;;;;;;;;;;;;;;;;;;;;;;;;;;;;;;;;;;;;;;;;;;;;;;;;;;;;;;;;;;;;;;;;;;;;;;;;;;;;;;;;;;;;;;;;;;;;;;;;;;;;;;;;;;;;;;;;;;;;;;;;;;;;;;;;;;;;;;;;;;;;;;;;;;;;;;;;;;;;;;1
42;08/09/2018 16:16:00;P4779;0;38.788891;15.217073;9;97;14139;42.7165;18157.5;9396093.58;33501.5;14.14;38979;16.563;32405;-25.5;445;-56.226;446;-18.38;446;1.429;3797.5;1919.5;1263;1847;2943;3.05;992.0195;39.758;38.35;12.524;1.2855;-99.9;;;;;;;;;;;;;;;;;;;;;;;;;;;;;;;;;;;;;;;;;;;;;;;;;;;;;;;;;;;;;;;;;;;;;;;;;;;;;;;;;;;;;;;;;;;;;;;;;;;;;;;;;;;;;;;;;;;;;;;;;;;;;;;;;;;;;;;;;;;;;;;;;;;;;;;;;;;;;;;;;;;;;;;;;;;;;;;;;;;;;;;;;;;;;;;;;;;;;;;;;;;;;;;;;;;;;;;;;;;;;;;;;;;;;;;;;;;;;;;;;;;;;;;;;;;;;;;;;;;;;;;;;;;;;;;;;;;;;;;;;;;;;;;;;;;;;;;;;;;;;;;;;;;;;1
43;08/09/2018 16:22:00;P4830;0;38.788715;15.217018;9;98;12711;35.838;18153;9393764.932;33509;14.144;38972;16.56;31757;-54;444;-56.238;445;-18.385;445;1.429;3827;1951;1261;1846;2941;3.073;1000.633;39.66;38.3;12.516;1.308;-99.9;;;;;;;;;;;;;;;;;;;;;;;;;;;;;;;;;;;;;;;;;;;;;;;;;;;;;;;;;;;;;;;;;;;;;;;;;;;;;;;;;;;;;;;;;;;;;;;;;;;;;;;;;;;;;;;;;;;;;;;;;;;;;;;;;;;;;;;;;;;;;;;;;;;;;;;;;;;;;;;;;;;;;;;;;;;;;;;;;;;;;;;;;;;;;;;;;;;;;;;;;;;;;;;;;;;;;;;;;;;;;;;;;;;;;;;;;;;;;;;;;;;;;;;;;;;;;;;;;;;;;;;;;;;;;;;;;;;;;;;;;;;;;;;;;;;;;;;;;;;;;;;;;;;;;1
44;08/09/2018 16:29:00;P4906;0;38.788502;15.216996;8;105;5631;1.734;18144;9389107.636;8375;1.609;38957;16.552;33156;7.5;444;-56.238;444;-18.39;445;1.429;3709;1907;1279;1846;2927;2.979;988.602;40.55;38.3;12.459;1.218;-99.9;;;;;;;;;;;;;;;;;;;;;;;;;;;;;;;;;;;;;;;;;;;;;;;;;;;;;;;;;;;;;;;;;;;;;;;;;;;;;;;;;;;;;;;;;;;;;;;;;;;;;;;;;;;;;;;;;;;;;;;;;;;;;;;;;;;;;;;;;;;;;;;;;;;;;;;;;;;;;;;;;;;;;;;;;;;;;;;;;;;;;;;;;;;;;;;;;;;;;;;;;;;;;;;;;;;;;;;;;;;;;;;;;;;;;;;;;;;;;;;;;;;;;;;;;;;;;;;;;;;;;;;;;;;;;;;;;;;;;;;;;;;;;;;;;;;;;;;;;;;;;;;;;;;;;1